epoch,trn_loss,val_loss,trn_lr,val_lr
1,69.22229377314639,58.74915535736084,0.0001,0.0001
