epoch,trn_loss,val_loss,trn_lr,val_lr
1,0.028505824671999972,0.00039490687242231765,0.0001,0.0001
2,0.00019168377682573538,5.646168414346386e-05,0.0001,0.0001
