epoch,trn_loss,val_loss,trn_lr,val_lr
1,0.029451831125470812,0.00025614582255585144,0.0001,0.0001
2,0.00019955651776524226,4.8142224618345294e-05,0.0001,0.0001
