epoch,trn_loss,val_loss,trn_lr,val_lr
1,69.28675061177613,59.357617866516115,0.0001,0.0001
